{
  "frame_count": 240,
  "pair_count": 239,
  "mean_aligned_iou": 0.93229459096942,
  "minimum_aligned_iou": 0.4750983393406738,
  "mean_area_change_ratio": 0.00843333696408479,
  "maximum_area_change_ratio": 0.2662217386047636,
  "mean_centroid_shift_pixels": 2.301462909829505,
  "maximum_centroid_shift_pixels": 58.289280259330546,
  "mean_boundary_turnover_ratio": 0.7133788742407138,
  "maximum_boundary_turnover_ratio": 0.9919750334373607,
  "engine_id": "sam2.1.video.hiera-tiny.v1",
  "sam2_commit": "2b90b9f5ceec907a1c18123530e92e794ad901a4",
  "checkpoint_sha256": "7402e0d864fa82708a20fbd15bc84245c2f26dff0eb43a4b5b93452deb34be69",
  "torch_version": "2.7.0+cu128",
  "gpu": "NVIDIA GeForce RTX 3060 Ti",
  "anchor_prompts": {
    "0": {
      "box": [
        350.0,
        20.0,
        905.0,
        710.0
      ],
      "positive": [
        [
          640.0,
          190.0
        ],
        [
          620.0,
          390.0
        ],
        [
          560.0,
          555.0
        ],
        [
          430.0,
          180.0
        ],
        [
          800.0,
          430.0
        ]
      ],
      "negative": [
        [
          360.0,
          350.0
        ],
        [
          895.0,
          120.0
        ],
        [
          895.0,
          675.0
        ]
      ]
    },
    "120": {
      "box": [
        145.0,
        65.0,
        1040.0,
        700.0
      ],
      "positive": [
        [
          475.0,
          220.0
        ],
        [
          580.0,
          370.0
        ],
        [
          500.0,
          520.0
        ],
        [
          235.0,
          280.0
        ],
        [
          850.0,
          330.0
        ]
      ],
      "negative": [
        [
          80.0,
          350.0
        ],
        [
          1110.0,
          300.0
        ],
        [
          1120.0,
          650.0
        ]
      ]
    },
    "180": {
      "box": [
        360.0,
        30.0,
        920.0,
        705.0
      ],
      "positive": [
        [
          640.0,
          200.0
        ],
        [
          620.0,
          390.0
        ],
        [
          620.0,
          570.0
        ],
        [
          420.0,
          190.0
        ],
        [
          820.0,
          500.0
        ]
      ],
      "negative": [
        [
          300.0,
          580.0
        ],
        [
          930.0,
          100.0
        ],
        [
          1120.0,
          600.0
        ]
      ]
    }
  },
  "mean_foreground_ratio": 0.1977089753327546,
  "minimum_foreground_ratio": 0.15722005208333334,
  "maximum_foreground_ratio": 0.224365234375,
  "elapsed_seconds": 37.11771200003568,
  "frames_per_second": 6.465915787044452,
  "approval_status": "experimental_pending_visual_review",
  "assessment": "Multi-anchor SAM 2.1 tiny propagation completed. Manual ground-truth masks are still required before production approval."
}